Rank,Names,Age,Worth_per_billion,Worth,Work_Industry,Company_Name,City,Country,Organization,Self_Made,Gender,Date of Birth,Title,Age_Group
1,Elon Musk,50,219,219000000000,Automotive,Tesla,Austin,United States,Tesla,TRUE,Male,28/06/1971,CEO,Middle Aged Adult
2,Jeff Bezos,58,171,171000000000,Technology,Amazon,Seattle,United States,Amazon,TRUE,Male,12/01/1964,Entrepreneur,Middle Aged Adult
3,Bernard Arnault & family,73,158,158000000000,Fashion & Retail,LVMH,Paris,France,LVMH Moët Hennessy Louis Vuitton,FALSE,Male,05/03/1949,CEO,Old
4,Bill Gates,66,129,129000000000,Technology,Microsoft,Medina,United States,Bill & Melinda Gates Foundation,TRUE,Male,28/10/1955,Cofounder,Old
5,Warren Buffett,91,118,118000000000,Finance & Investments,Berkshire Hathaway,Omaha,United States,Berkshire Hathaway,TRUE,Male,30/08/1930,CEO,Old
6,Larry Page,49,111,111000000000,Technology,Google,Palo Alto,United States,Alphabet,TRUE,Male,26/03/1973,Entrepreneur,Middle Aged Adult
7,Sergey Brin,48,107,107000000000,Technology,Google,Los Altos,United States,Alphabet,TRUE,Male,21/08/1973,Cofounder,Middle Aged Adult
8,Larry Ellison,77,106,106000000000,Technology,Software,Lanai,United States,Oracle,TRUE,Male,17/08/1944,Founder,Old
9,Steve Ballmer,66,91,91400000000,Technology,Microsoft,Hunts Point,United States,Los Angeles Clippers,TRUE,Male,24/03/1956,Owner,Old
10,Mukesh Ambani,64,91,90700000000,Diversified,Diversified,Mumbai,India,Reliance Industries,FALSE,Male,19/04/1957,Founder,Old
12,Michael Bloomberg,80,82,82000000000,Media & Entertainment,Bloomberg LP,New York,United States,Bloomberg L.P.,TRUE,Male,14/02/1942,CEO,Old
13,Carlos Slim Helu & family,82,81,81200000000,Telecom,Telecom,Mexico City,Mexico,América Móvil,TRUE,Male,28/01/1940,Chairman,Old
15,Mark Zuckerberg,37,67,67300000000,Technology,Facebook,Palo Alto,United States,Meta Platforms,TRUE,Male,14/05/1984,Cofounder,Young Adult
16,Jim Walton,73,66,66200000000,Fashion & Retail,Walmart,Bentonville,United States,"Arvest Bank Group, Inc.",FALSE,Male,07/06/1948,Chairman and CEO,Old
18,Alice Walton,72,65,65300000000,Fashion & Retail,Walmart,Fort Worth,United States,Crystal Bridges Museum of American Art,FALSE,Female,07/10/1949,Philanthropist,Old
19,Rob Walton,77,65,65000000000,Fashion & Retail,Walmart,Bentonville,United States,Walmart,FALSE,Male,27/10/1944,Director,Old
21,Charles Koch,86,60,60000000000,Diversified,Koch Industries,Wichita,United States,Koch Industries,FALSE,Male,01/11/1935,CEO,Old
24,Michael Dell,57,55,55100000000,Technology,Dell Computers,Austin,United States,Dell Inc.,TRUE,Male,23/02/1965,Chairman and CEO,Middle Aged Adult
25,Zhang Yiming,38,50,50000000000,Media & Entertainment,TikTok,Beijing,China,ByteDance,TRUE,Male,01/01/1984,Founder,Young Adult
26,David Thomson & family,64,49,49200000000,Media & Entertainment,Media,Toronto,Canada,Thomson Reuters Corporation,FALSE,Male,12/06/1957,Chairman,Old
27,Phil Knight & family,84,47,47300000000,Fashion & Retail,Nike,Hillsboro,United States,Nike,TRUE,Male,24/02/1938,Chairman,Old
31,Rodolphe Saadé & family,52,41,41400000000,Logistics,Shipping,Marseille,France,CMA CGM,FALSE,Male,03/03/1970,Chairman and CEO,Middle Aged Adult
34,Ma Huateng,50,37,37200000000,Technology,Internet Media,Shenzhen,China,Tencent Holdings,TRUE,Male,29/10/1971,Chairman and CEO,Middle Aged Adult
37,Stephen Schwarzman,75,35,34800000000,Finance & Investments,Investments,New York,United States,Blackstone Group,TRUE,Male,14/02/1947,Chairman and CEO,Old
46,Gina Rinehart,68,30,30200000000,Metals & Mining,Mining,Perth,Australia,Hancock Prospecting,FALSE,Female,09/02/1954,Chairman,Old
48,Jim Simons,83,29,28600000000,Finance & Investments,Hedge Funds,East Setauket,United States,Renaissance Technologies Corp.,TRUE,Male,25/04/1938,Founder,Old
53,Ken Griffin,53,27,27200000000,Finance & Investments,Hedge Funds,Chicago,United States,Citadel LLC,TRUE,Male,15/10/1968,Founder ,Middle Aged Adult
60,Sam Bankman-Fried,30,24,24000000000,Finance & Investments,Cryptocurrency Exchange,Nassau,United States,FTX,TRUE,Male,05/03/1992,Founder,Young Adult
65,Leonard Lauder,89,23,23100000000,Fashion & Retail,Estee Lauder,New York,United States,The Estée Lauder Companies,FALSE,Male,19/03/1933,Chairman,Old
67,Jack Ma,57,23,22800000000,Technology,E-commerce,Hangzhou,China,Alibaba Group,TRUE,Male,10/09/1964,Founder,Middle Aged Adult
71,Ray Dalio,72,22,22000000000,Finance & Investments,Hedge Funds,Greenwich,United States,Bridgewater Associates,TRUE,Male,08/08/1949,Founder ,Old
74,Masayoshi Son,64,21,21300000000,Telecom,Telecom,Tokyo,Japan,Softbank,TRUE,Male,11/08/1957,CEO,Old
75,Abigail Johnson,60,21,21200000000,Finance & Investments,Money Management,Milton,United States,Fidelity Investments,FALSE,Female,19/12/1961,Chairman and CEO,Middle Aged Adult
76,Rupert Murdoch & family,91,21,20800000000,Media & Entertainment,Newspapers,New York,United States,News Corp,FALSE,Male,11/03/1931,Chairman and CEO,Old
78,Jensen Huang,59,21,20600000000,Technology,Semiconductors,Los Altos,United States,NVIDIA,TRUE,Male,17/02/1963,CEO ,Middle Aged Adult
89,Lakshmi Mittal,71,18,17900000000,Metals & Mining,Steel,London,India,ArcelorMittal (ADR),FALSE,Male,15/06/1950,Chairman and CEO,Old
94,Stefan Persson,74,18,17600000000,Fashion & Retail,H&M,Stockholm,Sweden,H&M - Hennes & Mauritz,FALSE,Male,04/10/1947,Chairman,Old
96,Steve Cohen,65,17,17400000000,Finance & Investments,Hedge Funds,Greenwich,United States,Point72 Asset Management,TRUE,Male,11/06/1956,Founder,Old
98,Harold Hamm & family,76,17,17200000000,Energy,Oil & Gas,Oklahoma City,United States,Continental Resources,TRUE,Male,11/12/1945,Chairman and CEO,Old
103,David Tepper,64,17,16700000000,Finance & Investments,Hedge Funds,Palm Beach,United States,Appaloosa Management,TRUE,Male,11/09/1957,President,Old
104,"John Menard, Jr.",82,17,16600000000,Fashion & Retail,Home Improvement Stores,Eau Claire,United States,Menards,TRUE,Male,22/01/1940,Entrepreneur,Old
106,Carl Icahn,86,17,16500000000,Finance & Investments,Investments,Indian Creek,United States,Icahn Capital Management,TRUE,Male,16/02/1936,Founder,Old
110,Laurene Powell Jobs & family,58,16,16400000000,Technology,Apple,Palo Alto,United States,Emerson Collective,FALSE,Female,06/11/1963,Investor,Middle Aged Adult
112,Donald Bren,89,16,16200000000,Real Estate,Real Estate,Newport Beach,United States,Irvine Company,TRUE,Male,11/05/1932,Chairman,Old
119,Wu Yajun,58,15,15300000000,Real Estate,Real Estate,Beijing,China,Longfor Group Holdings,TRUE,Female,01/01/1964,Cofounder,Middle Aged Adult
121,Michael Platt,54,15,15200000000,Finance & Investments,Hedge Funds,Geneva,United Kingdom,BlueCrest Capital Management,TRUE,Male,18/03/1968,Founder ,Middle Aged Adult
127,Robert Pera,44,15,14600000000,Technology,Wireless Networking Gear,San Jose,United States,Ubiquiti,TRUE,Male,10/03/1978,CEO,Middle Aged Adult
130,Aliko Dangote,64,14,14000000000,Manufacturing,Cement,Lagos,Nigeria,Dangote Group,TRUE,Male,10/04/1957,CEO,Old
138,Liu Yongxing,73,13,13200000000,Service,Diversified,Shanghai,China,East Hope Group,TRUE,Male,01/06/1948,Chairman,Old
138,Wang Jianlin,67,13,13200000000,Real Estate,Real Estate,Beijing,China,Dalian Wanda Group,TRUE,Male,01/10/1954,Chairman,Old
142,David Duffield,81,13,12900000000,Technology,Business Software,Incline Village,United States,Workday,TRUE,Male,21/09/1940,Entrepreneur,Old
146,John Doerr,70,13,12700000000,Technology,Venture Capital,Woodside,United States,Kleiner Perkins,TRUE,Male,29/06/1951,Investor,Old
152,Jim Pattison,93,12,12200000000,Diversified,Diversified,Vancouver,Canada,Jim Pattison Group,TRUE,Male,01/10/1928,Founder,Old
152,Charles Schwab,84,12,12200000000,Finance & Investments,Discount Brokerage,Woodside,United States,Charles Schwab,TRUE,Male,29/07/1937,Investor,Old
163,Lei Jun,52,12,11700000000,Technology,Smartphones,Beijing,China,Xiaomi,TRUE,Male,16/12/1969,Founder ,Middle Aged Adult
167,Brian Chesky,40,12,11500000000,Technology,Airbnb,San Francisco,United States,AirBnB,TRUE,Male,29/08/1981,CEO,Young Adult
167,Israel Englander,73,12,11500000000,Finance & Investments,Hedge Funds,New York,United States,"Millennium Management, L.L.C.",TRUE,Male,30/09/1948,Founder,Old
167,Dustin Moskovitz,37,12,11500000000,Technology,Facebook,San Francisco,United States,Asana,TRUE,Male,22/05/1984,Cofounder,Young Adult
167,Alisher Usmanov,68,12,11500000000,Metals & Mining,Steel,Moscow,Russia,Metalloinvest,TRUE,Male,09/09/1953,Founder,Old
173,Pierre Omidyar,54,11,11300000000,Technology,PayPal,Honolulu,United States,eBay,TRUE,Male,21/06/1967,Entrepreneur,Middle Aged Adult
180,David Cheriton,71,11,10900000000,Technology,Google,Palo Alto,Canada,Stanford University,TRUE,Male,29/03/1951,Entrepreneur,Old
183,Diane Hendricks,75,11,10700000000,Construction & Engineering,Roofing,Afton,United States,ABC Supply,TRUE,Female,02/03/1947,Entrepreneur,Old
185,Jerry Jones,79,11,10600000000,Sports,Dallas Cowboys,Dallas,United States,Dallas Cowboys,TRUE,Male,13/10/1942,President,Old
185,Eduardo Saverin,40,11,10600000000,Technology,Facebook,Singapore,Brazil,Meta Platforms,TRUE,Male,19/03/1982,Investor,Young Adult
192,"Chase Coleman, III.",46,10,10300000000,Finance & Investments,Investments,New York,United States,Tiger Global Management,TRUE,Male,21/06/1975,Investor,Middle Aged Adult
192,Mikhail Prokhorov,56,10,10300000000,Finance & Investments,Investments,Moscow,Russia,Brooklyn Nets,TRUE,Male,03/05/1965,Owner,Middle Aged Adult
197,Joe Gebbia,40,10,10000000000,Technology,Airbnb,San Francisco,United States,AirBnB,TRUE,Male,21/08/1981,Cofounder,Young Adult
197,David Geffen,79,10,10000000000,Media & Entertainment,Movies,Beverly Hills,United States,DreamWorks Animation SKG Inc. (Cl A),TRUE,Male,21/02/1943,Entrepreneur,Old
201,George Kaiser,79,10,9900000000,Energy,Oil & Gas,Tulsa,United States,BOK Financial,FALSE,Male,29/07/1942,Chairman,Old
201,Andreas von Bechtolsheim & family,66,10,9900000000,Technology,Google,Palo Alto,Germany,Arista Networks,TRUE,Male,30/09/1955,Entrepreneur,Old
206,Jan Koum,46,10,9800000000,Technology,WhatsApp,Atherton,United States,WhatsApp Inc.,TRUE,Male,24/02/1976,Entrepreneur,Middle Aged Adult
206,Azim Premji,76,10,9800000000,Technology,Software,Bangalore,India,Wipro Limited (ADR),FALSE,Male,24/07/1945,Chairman,Old
214,John Collison,31,10,9500000000,Technology,Payment Software,San Francisco,Ireland,Stripe,TRUE,Male,06/08/1990,Entrepreneur,Young Adult
214,Patrick Collison,33,10,9500000000,Technology,Payment Software,San Francisco,Ireland,Stripe,TRUE,Male,09/09/1988,Cofounder,Young Adult
214,Gordon Moore,93,10,9500000000,Technology,Intel,Woodside,United States,Intel,TRUE,Male,03/01/1929,Cofounder,Old
223,Kim Beom-su,56,9,9100000000,Technology,Online Services,Seoul,South Korea,Kakao,TRUE,Male,27/03/1966,Entrepreneur,Middle Aged Adult
223,Jay Y. Lee,53,9,9100000000,Diversified,Samsung,Seoul,South Korea,Samsung Electronics Co. Ltd.,FALSE,Male,23/06/1968,Vice Chairman,Middle Aged Adult
235,"Herbert Kohler, Jr. & family",83,9,8800000000,Manufacturing,Plumbing Fixtures,Kohler,United States,Kohler Co.,FALSE,Male,20/02/1939,Chairman,Old
235,Zong Qinghou,76,9,8800000000,Food & Beverage,Beverages,Hangzhou,China,Hangzhou Wahaha Group,TRUE,Male,01/10/1945,Chairman,Old
241,Charles Ergen,69,9,8700000000,Media & Entertainment,Satellite TV,Denver,United States,DISH Network,TRUE,Male,01/03/1953,Founder,Old
241,Bernard Marcus,92,9,8700000000,Fashion & Retail,Home Depot,Atlanta,United States,The Home Depot,TRUE,Male,12/05/1929,Cofounder,Old
246,George Soros,91,9,8600000000,Finance & Investments,Hedge Funds,Katonah,United States,Soros Fund Management LLC,TRUE,Male,12/08/1930,Founder,Old
254,Steven Rales,71,8,8400000000,Manufacturing,Manufacturing,Santa Barbara,United States,Danaher,TRUE,Male,31/03/1951,Investor,Old
263,Robert Kraft,80,8,8300000000,Sports,New England Patriots,Brookline,United States,The Kraft Group,TRUE,Male,05/06/1941,Chairman and CEO,Old
275,Marc Benioff,57,8,8100000000,Technology,business software,San Francisco,United States,Salesforce.com,TRUE,Male,25/09/1964,Chairman and CEO,Middle Aged Adult
284,Michael Rubin,49,8,8000000000,Fashion & Retail,Online Retail,Bryn Mawr,United States,Kynetic,TRUE,Male,21/07/1972,Entrepreneur,Middle Aged Adult
284,Patrick Ryan,84,8,8000000000,Finance & Investments,Insurance,Winnetka,United States,Ryan Specialty Group,TRUE,Male,15/05/1937,Chairman and CEO,Old
288,Christopher Hohn,55,8,7900000000,Finance & Investments,Hedge Funds,London,United Kingdom,The Children's Investment Fund Management,TRUE,Male,27/10/1966,Investor,Middle Aged Adult
288,Christy Walton,73,8,7900000000,Fashion & Retail,Walmart,Jackson,United States,Children's Scholarship Fund,FALSE,Female,08/02/1949,Co-Chairman,Old
296,Jim Kennedy,74,8,7800000000,Media & Entertainment,Media,Atlanta,United States,Cox Enterprises,FALSE,Male,29/11/1947,Chairman ,Old
304,Henry Kravis,78,8,7700000000,Finance & Investments,Private Equity,New York,United States,KKR & Co.,TRUE,Male,06/01/1944,Co-Chairman,Old
316,Richard Kinder,77,8,7500000000,Energy,Pipelines,Houston,United States,Kinder Morgan,TRUE,Male,19/10/1944,Chairman and CEO,Old
316,David Shaw,71,8,7500000000,Finance & Investments,Hedge Funds,New York,United States,"D. E. Shaw & Co., L.P.",TRUE,Male,29/03/1951,Founder,Old
324,David Green & family,80,7,7300000000,Fashion & Retail,Retail,Oklahoma City,United States,Hobby Lobby,TRUE,Male,13/11/1941,CEO,Old
324,"Paul Tudor Jones, II.",67,7,7300000000,Finance & Investments,Hedge Funds,Palm Beach,United States,Tudor Investment Corporation,TRUE,Male,28/09/1954,Founder,Old
324,Yuri Milner,60,7,7300000000,Finance & Investments,Tech Investments,Los Altos,Israel,DST Global,TRUE,Male,11/11/1961,Investor,Middle Aged Adult
324,Henry Samueli,67,7,7300000000,Technology,semiconductors,Newport Beach,United States,Broadcom,TRUE,Male,20/09/1954,Cofounder,Old
336,Arthur Blank,79,7,7100000000,Sports,Home Depot,Atlanta,United States,Atlanta Falcons,TRUE,Male,27/09/1942,Chairman,Old
336,J. Christopher Reyes,68,7,7100000000,Food & Beverage,Food Distribution,Hobe Sound,United States,Reyes Holdings,TRUE,Male,29/12/1953,Co-Chairman,Old
336,Jude Reyes,66,7,7100000000,Food & Beverage,Food Distribution,Palm Beach,United States,Reyes Holdings,TRUE,Male,16/09/1955,Co-Chairman,Old
343,Judy Faulkner,78,7,7000000000,Technology,Healthcare IT,Madison,United States,Epic Systems,TRUE,Female,11/08/1943,Founder,Old
343,Robin Li,53,7,7000000000,Technology,Internet Search,Beijing,China,Baidu,TRUE,Male,17/11/1968,Founder,Middle Aged Adult
350,Micky Arison,72,7,6900000000,Service,Carnival Cruises,Bal Harbour,United States,Carnival Corporation,FALSE,Male,29/06/1949,Chairman and CEO,Old
350,Terry Gou,71,7,6900000000,Technology,Electronics Components,Taipei,Taiwan,Hon Hai Precision,TRUE,Male,18/10/1950,CEO,Old
350,Vinod Khosla,67,7,6900000000,Technology,Venture Capital,Portola Valley,United States,Khosla Ventures,TRUE,Male,28/01/1955,Investor,Old
350,Ralph Lauren,82,7,6900000000,Fashion & Retail,Apparel,New York,United States,Ralph Lauren,TRUE,Male,14/10/1939,Chairman ,Old
350,Douglas Leone,64,7,6900000000,Finance & Investments,Venture Capital,Atherton,United States,Sequoia,TRUE,Male,04/07/1957,Partner,Old
363,Stanley Druckenmiller,68,7,6800000000,Finance & Investments,Hedge Funds,New York,United States,Duquesne Family Office,TRUE,Male,14/06/1953,Founder,Old
369,James Goodnight,79,7,6700000000,Technology,Software,Cary,United States,SAS Institute,TRUE,Male,06/01/1943,CEO,Old
375,Andreas Halvorsen,60,7,6600000000,Finance & Investments,Hedge Funds,Darien,Norway,Viking Global Investors,TRUE,Male,23/04/1961,Investor,Middle Aged Adult
375,Randa Duncan Williams,60,7,6600000000,Energy,Pipelines,Houston,United States,Enterprise GP Holdings,FALSE,Female,28/08/1961,Chairman,Middle Aged Adult
386,Philippe Laffont,54,7,6500000000,Finance & Investments,Hedge Funds,New York,United States,Coatue Management,TRUE,Male,16/09/1967,Founder,Middle Aged Adult
386,"Henry Nicholas, III.",62,7,6500000000,Technology,semiconductors,Newport Coast,United States,Broadcom,TRUE,Male,08/10/1959,Cofounder,Old
386,John Overdeck,52,7,6500000000,Finance & Investments,Hedge Funds,Millburn,United States,Two Sigma,TRUE,Male,21/12/1969,Investor,Middle Aged Adult
386,Melanie Perkins,34,7,6500000000,Technology,Software,Sydney,Australia,Canva,TRUE,Female,13/05/1987,Entrepreneur,Young Adult
386,David Siegel,60,7,6500000000,Finance & Investments,Hedge Funds,Scarsdale,United States,Two Sigma,TRUE,Male,15/07/1961,Investor,Middle Aged Adult
403,Bobby Murphy,33,6,6300000000,Technology,Snapchat,Venice,United States,Snap,TRUE,Male,19/07/1988,Cofounder,Young Adult
411,Melinda French Gates,57,6,6200000000,Technology,Microsoft,Medina,United States,Bill & Melinda Gates Foundation,FALSE,Female,15/08/1964,Co-Chairman,Middle Aged Adult
411,Bruce Kovner,77,6,6200000000,Finance & Investments,Hedge Funds,New York,United States,Caxton Associates LP,TRUE,Male,25/02/1945,Founder,Old
411,Leonard Stern,84,6,6200000000,Real Estate,Real Estate,New York,United States,"Hartz Mountain Industries, Inc.",FALSE,Male,28/03/1938,Chairman and CEO,Old
418,Jack Dorsey,45,6,6100000000,Technology,Twitter,San Francisco,United States,Twitter,TRUE,Male,19/11/1976,Entrepreneur,Middle Aged Adult
418,Evan Spiegel,31,6,6100000000,Technology,Snapchat,Los Angeles,United States,Snap,TRUE,Male,04/06/1990,Cofounder,Young Adult
431,Stephen Bisciotti,61,6,5900000000,Sports,Staffing,Millersville,United States,Baltimore Ravens,TRUE,Male,10/04/1960,Owner,Old
431,Michael Moritz,67,6,5900000000,Technology,Venture Capital,San Francisco,United States,Sequoia,TRUE,Male,12/09/1954,Investor,Old
438,Terrence Pegula,71,6,5800000000,Energy,Natural Gas,Boca Raton,United States,Buffalo Sabres,TRUE,Male,27/03/1951,Owner,Old
438,John A. Sobrato & family,82,6,5800000000,Real Estate,Real Estate,Atherton,United States,Sobrato Development Cos.,TRUE,Male,23/05/1939,Founder,Old
438,Les Wexner & family,84,6,5800000000,Fashion & Retail,Retail,New Albany,United States,L Brands,TRUE,Male,08/09/1937,Chairman and CEO,Old
460,Joe Mansueto,65,6,5700000000,Finance & Investments,Investments,Chicago,United States,Morningstar Inc.,TRUE,Male,03/09/1956,Entrepreneur,Old
471,Tilman Fertitta,64,6,5600000000,Food & Beverage,Houston Rockets,Houston,United States,Fertitta Entertainment,TRUE,Male,25/06/1957,Chairman,Old
471,"Edward Roski, Jr.",83,6,5600000000,Real Estate,Real Estate,Los Angeles,United States,"Majestic Realty, Co.",FALSE,Male,25/12/1938,Chairman,Old
471,David Sun,70,6,5600000000,Technology,Computer Hardware,Irvine,United States,Kingston Technology Corporation,TRUE,Male,12/10/1951,COO,Old
471,John Tu,80,6,5600000000,Technology,Computer Hardware,Rolling Hills,United States,Kingston Technology Corporation,TRUE,Male,12/08/1941,President,Old
480,Don Hankey,78,6,5500000000,Finance & Investments,Auto Loans,Malibu,United States,Hankey Group,TRUE,Male,13/06/1943,Entrepreneur,Old
490,Jim Davis & family,78,5,5400000000,Manufacturing,New Balance,Newton,United States,New Balance ,TRUE,Male,17/05/1943,Chairman,Old
490,Charles Dolan & family,95,5,5400000000,Media & Entertainment,Cable Television,Oyster Bay,United States,Cablevision Systems Corp.,TRUE,Male,16/10/1926,Chairman,Old
509,Chip Wilson,65,5,5300000000,Fashion & Retail,Lululemon,Vancouver,Canada,Lululemon Athletica,TRUE,Male,01/01/1957,Chairman,Old
523,Eric Yuan & family,52,5,5200000000,Technology,Zoom Video Communications,Santa Clara,United States,Rx relief,TRUE,Male,20/02/1970,Founder,Middle Aged Adult
536,Charles B. Johnson,89,5,5100000000,Finance & Investments,money management,Palm Beach,United States,Franklin Resources,FALSE,Male,06/01/1933,CEO,Old
536,Isaac Perlmutter,79,5,5100000000,Media & Entertainment,Marvel comics,Palm Beach,United States,Marvel Entertainment,TRUE,Male,01/12/1942,Chairman,Old
536,Michael Pieper,76,5,5100000000,Manufacturing,Kitchen Appliances,Lucerne,Switzerland,Artemis Real Estate Partners,TRUE,Male,05/02/1946,CEO,Old
552,Alain Bouchard,73,5,5000000000,Fashion & Retail,Convenience Stores,Montreal,Canada,Alimentation Couche Tard Inc. Cl A,TRUE,Male,18/02/1949,Entrepreneur,Old
552,Thomas Pritzker,71,5,5000000000,Finance & Investments,Hotels,Chicago,United States,Hyatt Hotels,FALSE,Male,06/06/1950,Chairman,Old
552,Scott Shleifer,44,5,5000000000,Finance & Investments,Private Equity,New York,United States,Tiger Global Management,TRUE,Male,14/06/1977,Investor,Middle Aged Adult
552,Peter Thiel,54,5,5000000000,Finance & Investments,"Facebook, investments",Los Angeles,United States,Founders Fund,TRUE,Male,11/10/1967,Investor,Middle Aged Adult
586,Emanuele (Lino) Saputo & family,85,5,4800000000,Food & Beverage,Cheese,Montreal,Canada,Saputo,FALSE,Male,01/01/1937,Chairman,Old
586,Frank Wang,41,5,4800000000,Technology,Drones,Shenzhen,China,DJI Technology Co.,TRUE,Male,30/10/1980,Entrepreneur,Middle Aged Adult
601,Mark Cuban,63,5,4700000000,Media & Entertainment,Online Media,Dallas,United States,Dallas Mavericks,TRUE,Male,31/07/1958,Owner,Old
601,Fred Smith,77,5,4700000000,Logistics,FedEx,Memphis,United States,FedEx,TRUE,Male,11/08/1944,Chairman and CEO,Old
622,Min Kao & family,73,5,4600000000,Technology,Navigation Equipment,Leawood,United States,Garmin Corporation,TRUE,Male,10/01/1949,Chairman and CEO,Old
637,Daryl Katz,60,5,4500000000,Diversified,Pharmacies,Edmonton,Canada,Rexall Health,TRUE,Male,01/09/1961,Chairman,Middle Aged Adult
637,Falguni Nayar,59,5,4500000000,Fashion & Retail,Retail,Mumbai,India,Nykaa,TRUE,Female,19/02/1963,Founder,Middle Aged Adult
665,Dan Friedkin,57,4,4300000000,Automotive,Toyota Dealerships,Houston,United States,Gulf States Toyota,FALSE,Male,27/02/1965,Owner,Middle Aged Adult
665,"Rupert Johnson, Jr.",81,4,4300000000,Finance & Investments,money management,Burlingame,United States,Franklin Resources,FALSE,Male,10/08/1940,Director,Old
665,Richard Schulze,81,4,4300000000,Fashion & Retail,Best Buy,Bonita Springs,United States,Best Buy,TRUE,Male,02/01/1941,Chairman,Old
665,Paul Singer,77,4,4300000000,Finance & Investments,Hedge Funds,New York,United States,Elliott Management,TRUE,Male,22/08/1944,Investor,Old
665,Mark Walter,61,4,4300000000,Finance & Investments,Finance,Chicago,United States,Guggenheim Partners LLC,TRUE,Male,22/05/1960,CEO,Old
687,Mong-Koo Chung,84,4,4200000000,Automotive,Hyundai,Seoul,South Korea,Hyundai Motor Co. Ltd.,FALSE,Male,19/03/1938,Chairman,Old
687,Carlo Fidani,67,4,4200000000,Real Estate,Real Estate,Toronto,Canada,Orlando Corporation,FALSE,Male,01/01/1955,Chairman,Old
687,Martha Ingram & family,86,4,4200000000,Media & Entertainment,Transportation,Nashville,United States,Ingram Industries,FALSE,Female,20/08/1935,Chairman,Old
687,Daniel Loeb,60,4,4200000000,Finance & Investments,Hedge Funds,New York,United States,Third Point,TRUE,Male,18/12/1961,Investor,Middle Aged Adult
687,Romesh T. Wadhwani,74,4,4200000000,Technology,Software,Palo Alto,United States,Symphony Technology Group,TRUE,Male,25/08/1947,Founder,Old
709,Lee Boo-jin,51,4,4100000000,Service,Samsung,Seoul,South Korea,Hotel Shilla,FALSE,Female,06/10/1970,President,Middle Aged Adult
709,Eric Lefkofsky,52,4,4100000000,Technology,Investments,Glencoe,United States,Groupon,TRUE,Male,02/09/1969,Chairman,Middle Aged Adult
709,Steven Udvar-Hazy,76,4,4100000000,Service,Aircraft Leasing,Beverly Hills,United States,Air Lease,TRUE,Male,23/02/1946,CEO,Old
728,Daniel Och,61,4,4000000000,Finance & Investments,Hedge Funds,Miami Beach,United States,Och-Ziff Capital Management,TRUE,Male,27/01/1961,Founder,Old
728,John Paulson,66,4,4000000000,Finance & Investments,Hedge Funds,New York,United States,Paulson & Co. Inc.,TRUE,Male,14/12/1955,Founder,Old
728,Miuccia Prada,72,4,4000000000,Fashion & Retail,Luxury Goods,Milan,Italy,Prada,FALSE,Female,10/05/1949,CEO,Old
728,David Rubenstein,72,4,4000000000,Finance & Investments,Private Equity,Bethesda,United States,Carlyle Group,TRUE,Male,11/08/1949,Cofounder,Old
728,Denise York & family,71,4,4000000000,Sports,San Francisco 49ers,Youngstown,United States,San Francisco 49ers,FALSE,Female,21/10/1950,Co-Chairman,Old
764,"Stephen Mandel, Jr.",66,4,3900000000,Finance & Investments,Hedge Funds,Greenwich,United States,Lone Pine Capital,TRUE,Male,12/03/1956,Founder,Old
764,Gabe Newell,59,4,3900000000,Gambling & Casinos,Videogames,Seattle,United States,Valve Corporation,TRUE,Male,03/11/1962,Cofounder and CEO,Middle Aged Adult
764,Neil Shen,54,4,3900000000,Finance & Investments,Venture Capital,Hong Kong,China,Sequoia China,TRUE,Male,16/12/1967,Entrepreneur,Middle Aged Adult
778,"William Conway, Jr.",72,4,3800000000,Finance & Investments,Private Equity,McLean,United States,Carlyle Group,TRUE,Male,27/08/1949,Cofounder,Old
778,Jimmy Haslam,68,4,3800000000,Fashion & Retail,Gas Stations,Knoxville,United States,Pilot Company,FALSE,Male,09/03/1954,CEO,Old
778,Margarita Louis-Dreyfus & family,59,4,3800000000,Food & Beverage,Commodities,Davos,Switzerland,Louis Dreyfus SAS,FALSE,Female,01/06/1962,President,Middle Aged Adult
801,William Berkley,75,4,3700000000,Finance & Investments,Insurance,Coconut Grove,United States,WR Berkley,TRUE,Male,01/09/1946,Chairman and CEO,Old
801,Reed Hastings,61,4,3700000000,Media & Entertainment,Netflix,Santa Cruz,United States,Netflix,TRUE,Male,08/10/1960,CEO,Old
801,"Amos Hostetter, Jr.",85,4,3700000000,Media & Entertainment,Cable Television,Boston,United States,Pilot House Associates,TRUE,Male,12/01/1937,Chairman,Old
801,"Bernard Saul, II.",89,4,3700000000,Finance & Investments,Banking,Chevy Chase,United States,Saul Centers Inc.,FALSE,Male,15/04/1932,Chairman and CEO,Old
822,David Filo,55,4,3600000000,Technology,Yahoo,Palo Alto,United States,Yahoo!,TRUE,Male,15/04/1966,Entrepreneur,Middle Aged Adult
822,James Leprino,84,4,3600000000,Food & Beverage,Cheese,Indian Hills,United States,Leprino Foods,FALSE,Male,22/11/1937,Chairman,Old
822,Rodger Riney & family,76,4,3600000000,Finance & Investments,discount brokerage,St. Louis,United States,"Scottrade, Inc.",TRUE,Male,01/01/1946,Cofounder,Old
851,James Irsay,62,4,3500000000,Sports,Indianapolis Colts,Carmel,United States,Indianapolis Colts,FALSE,Male,13/06/1959,CEO,Old
851,Apoorva Mehta,35,4,3500000000,Technology,Grocery Delivery Service,San Francisco,Canada,Instacart,TRUE,Male,19/07/1986,Founder,Young Adult
851,Herb Simon,87,4,3500000000,Real Estate,Real Estate,Indianapolis,United States,Simon Property Group,TRUE,Male,23/10/1934,Chairman,Old
851,"William Wrigley, Jr.",58,4,3500000000,Food & Beverage,Chewing Gum,North Palm Beach,United States,"Wrigley Management, Inc.",FALSE,Male,01/11/1963,Investor,Middle Aged Adult
883,David Gottesman,95,3,3400000000,Finance & Investments,Investments,Rye,United States,First Manhattan Co.,TRUE,Male,26/04/1926,CEO,Old
883,Robert Sands,63,3,3400000000,Food & Beverage,Liquor,Delray Beach,United States,Constellation Brands,FALSE,Male,10/06/1958,CEO,Old
883,Meg Whitman,65,3,3400000000,Technology,eBay,Los Angeles,United States,Quibi,TRUE,Female,04/08/1956,CEO,Old
913,John Arnold,48,3,3300000000,Finance & Investments,Hedge Funds,Houston,United States,Centaurus Advisors,TRUE,Male,09/03/1974,Founder,Middle Aged Adult
913,Jean Coutu & family,94,3,3300000000,Fashion & Retail,Drugstores,Montreal,Canada,Jean Coutu Group,TRUE,Male,29/05/1927,Entrepreneur,Old
913,Kiran Mazumdar-Shaw,69,3,3300000000,Healthcare,Biopharmaceuticals,Bangalore,India,Biocon,TRUE,Female,23/03/1953,Chairman,Old
913,John Sall,74,3,3300000000,Technology,Software,Cary,United States,SAS Institute,TRUE,Male,04/04/1948,Cofounder,Old
913,Steve Wynn,80,3,3300000000,Gambling & Casinos,Casinos,Palm Beach,United States,Wynn Resorts,TRUE,Male,27/01/1942,Cofounder,Old
951,James Clark,78,3,3200000000,Technology,Investments,Palm Beach,United States,Netscape Communications Corporation,TRUE,Male,23/03/1944,Cofounder,Old
951,Peter Gilgan,71,3,3200000000,Construction & Engineering,Homebuilding,Oakville,Canada,Mattamy Group Corp.,TRUE,Male,01/01/1951,Founder,Old
951,Michael Hintze,68,3,3200000000,Finance & Investments,Investments,London,Australia,CQS LLP,TRUE,Male,27/07/1953,Founder,Old
951,Alan Howard,58,3,3200000000,Finance & Investments,Hedge Funds,Geneva,United Kingdom,Brevan Howard Asset Management,TRUE,Male,01/09/1963,Founder,Middle Aged Adult
984,Mitchell Goldhar,60,3,3100000000,Real Estate,Real Estate,North York,Canada,SmartCentres,TRUE,Male,15/07/1961,Owner,Middle Aged Adult
984,Nguyen Thi Phuong Thao,51,3,3100000000,Diversified,Airlines,Ho Chi Minh City,Vietnam,Sovico Holdings,TRUE,Female,07/06/1970,Cofounder,Middle Aged Adult
1012,William Ackman,55,3,3000000000,Finance & Investments,Hedge Funds,New York,United States,"Pershing Square Capital Management, L.P.",TRUE,Male,11/05/1966,Founder,Middle Aged Adult
1012,Mortimer Zuckerman,84,3,3000000000,Real Estate,Real Estate,New York,United States,Boston Properties,TRUE,Male,04/06/1937,Chairman,Old
1053,Riley Bechtel & family,70,3,2900000000,Construction & Engineering,Construction,San Francisco,United States,Bechtel Corp.,FALSE,Male,25/03/1952,CEO,Old
1053,Joseph Edelman,66,3,2900000000,Finance & Investments,Hedge Funds,New York,United States,Perceptive Advisors,TRUE,Male,10/06/1955,Investor,Old
1053,Olivier Pomel,45,3,2900000000,Technology,Cloud Computing,New York,France,Datadog,TRUE,Male,26/03/1977,Cofounder,Middle Aged Adult
1096,Brian Acton,50,3,2800000000,Technology,WhatsApp,Palo Alto,United States,WhatsApp Inc.,TRUE,Male,17/02/1972,Entrepreneur,Middle Aged Adult
1096,Garrett Camp,43,3,2800000000,Technology,Uber,San Francisco,Canada,Uber Technologies Inc.,TRUE,Male,04/10/1978,Entrepreneur,Middle Aged Adult
1096,Travis Kalanick,45,3,2800000000,Technology,Uber,Los Angeles,United States,Uber Technologies Inc.,TRUE,Male,06/08/1976,Cofounder,Middle Aged Adult
1096,Alexis Lê-Quôc,47,3,2800000000,Technology,Cloud Computing,New York,United States,Datadog,TRUE,Male,14/11/1974,Cofounder,Middle Aged Adult
1096,Jeff Rothschild,67,3,2800000000,Technology,Facebook,Palo Alto,United States,Meta Platforms,TRUE,Male,02/01/1955,Entrepreneur,Old
1096,Xu Chuanhua & family,87,3,2800000000,Manufacturing,Logistics,Hangzhou,China,Transfar Group,TRUE,Male,01/01/1935,Founder,Old
1163,Aneel Bhusri,56,3,2700000000,Technology,business software,San Francisco,United States,Workday,TRUE,Male,04/02/1966,Investor,Middle Aged Adult
1163,Jerry Yang,53,3,2700000000,Technology,Yahoo,Los Altos Hills,United States,Yahoo!,TRUE,Male,06/11/1968,Cofounder,Middle Aged Adult
1196,Doris Fisher,90,3,2600000000,Fashion & Retail,Gap,San Francisco,United States,Gap,TRUE,Female,23/08/1931,Cofounder,Old
1196,Kavitark Ram Shriram,65,3,2600000000,Technology,Venture Capital,Menlo Park,United States,Sherpalo Ventures,TRUE,Male,21/01/1957,Investor,Old
1238,Leon G. Cooperman,78,3,2500000000,Finance & Investments,Hedge Funds,Boca Raton,United States,"Omega Advisors, Inc.",TRUE,Male,25/04/1943,Founder,Old
1238,Jacques D'Amours,65,3,2500000000,Fashion & Retail,Convenience Stores,Montreal,Canada,Alimentation Couche Tard Inc. Cl A,TRUE,Male,08/12/1956,Entrepreneur,Old
1238,Gerald Ford,77,3,2500000000,Finance & Investments,Banking,Dallas,United States,Ford Financial Fund,TRUE,Male,04/08/1944,Managing Member,Old
1238,Charles Munger,98,3,2500000000,Finance & Investments,Berkshire Hathaway,Los Angeles,United States,Berkshire Hathaway,TRUE,Male,01/01/1924,Vice Chairman,Old
1238,Suh Kyung-bae,59,3,2500000000,Fashion & Retail,Cosmetics,Seoul,South Korea,Amorepacific Corp. (New),FALSE,Male,14/01/1963,Chairman,Middle Aged Adult
1238,Huijiao Yu,56,3,2500000000,Logistics,Package Delivery,Shanghai,China,Shanghai YTO Express (Logistics),TRUE,Male,01/04/1966,Founder,Middle Aged Adult
1292,George Argyros & family,85,2,2400000000,Real Estate,Real Estate,Newport Beach,United States,Arnel & Affiliates,TRUE,Male,04/02/1937,Investor,Old
1292,Daniel Ek,39,2,2400000000,Technology,Spotify,Stockholm,Sweden,Spotify,TRUE,Male,21/02/1983,CEO,Young Adult
1292,John Fisher,60,2,2400000000,Fashion & Retail,Gap,San Francisco,United States,"Pisces, Inc.",FALSE,Male,01/06/1961,President,Middle Aged Adult
1292,Rodney Sacks,72,2,2400000000,Food & Beverage,Energy Drinks,Laguna Beach,United States,Monster Beverage,TRUE,Male,24/12/1949,CEO,Old
1292,Jeff Tangney,49,2,2400000000,Healthcare,Healthcare IT,Palo Alto,United States,Doximity,TRUE,Male,09/08/1972,CEO,Middle Aged Adult
1292,Hamdi Ulukaya,49,2,2400000000,Food & Beverage,Greek Yogurt,Norwich,Turkey,Chobani,TRUE,Male,26/10/1972,Entrepreneur,Middle Aged Adult
1341,Stephen Feinberg,62,2,2300000000,Finance & Investments,Private Equity,New York,United States,Cerberus Capital Management,TRUE,Male,29/03/1960,Cofounder and CEO,Old
1341,Kenneth Feld & family,73,2,2300000000,Media & Entertainment,Live Entertainment,Sarasota,United States,Feld Entertainment,FALSE,Male,31/10/1948,Chairman,Old
1341,Serge Godin,72,2,2300000000,Technology,Information Technology,Westmount,Canada,CGI,TRUE,Male,17/11/1949,Entrepreneur,Old
1341,Noam Gottesman,60,2,2300000000,Finance & Investments,Hedge Funds,New York,United States,TOMS Capital,TRUE,Male,24/05/1961,CEO,Middle Aged Adult
1341,Osman Kibar,51,2,2300000000,Healthcare,Biotech,La Jolla,United States,Samumed,TRUE,Male,01/04/1971,Founder,Middle Aged Adult
1397,Alex Atallah,30,2,2200000000,Technology,Online Marketplace,New York,United States,OpenSea,TRUE,Male,09/03/1992,Cofounder,Young Adult
1397,Robert Friedland,71,2,2200000000,Metals & Mining,Mining,Singapore,United States,Ivanhoe Mines Ltd.,TRUE,Male,18/08/1950,Founder,Old
1397,Jeffrey Gundlach,63,2,2200000000,Finance & Investments,Investments,Los Angeles,United States,DoubleLine Capital,TRUE,Male,01/01/1959,CEO,Old
1397,Bruce Karsh,66,2,2200000000,Finance & Investments,Private Equity,Los Angeles,United States,Oaktree Capital Group LLC,TRUE,Male,10/10/1955,President,Old
1397,Howard Marks,75,2,2200000000,Finance & Investments,Private Equity,New York,United States,Oaktree Capital Group LLC,TRUE,Male,23/04/1946,Chairman,Old
1397,Jonathan Nelson,65,2,2200000000,Finance & Investments,Private Equity,Providence,United States,Providence Equity Partners,TRUE,Male,18/05/1956,CEO,Old
1397,Jeffrey Talpins,47,2,2200000000,Finance & Investments,Hedge Funds,Larchmont,United States,Element Capital Management,TRUE,Male,06/03/1975,Founder,Middle Aged Adult
1445,Jim Breyer,60,2,2100000000,Technology,Venture Capital,Austin,United States,Breyer Capital,TRUE,Male,26/07/1961,Investor,Middle Aged Adult
1445,Ron Burkle,69,2,2100000000,Finance & Investments,Supermarkets,London,United States,"The Yucaipa Companies, LLC",TRUE,Male,12/11/1952,Investor,Old
1445,Fred Ehrsam,33,2,2100000000,Finance & Investments,Cryptocurrency exchange,Miami,United States,Coinbase,TRUE,Male,10/05/1988,Cofounder,Young Adult
1445,Gordon Getty,88,2,2100000000,Energy,Getty Oil,San Francisco,United States,Ann & Gordon Getty Foundation,FALSE,Male,20/12/1933,President,Old
1445,Reid Hoffman,54,2,2100000000,Technology,LinkedIn,Palo Alto,United States,Greylock Partners,TRUE,Male,05/08/1967,Entrepreneur,Middle Aged Adult
1513,S. Daniel Abraham,97,2,2000000000,Food & Beverage,Slim-Fast,Palm Beach,United States,S. Daniel Abraham Center for Middle East Peace,TRUE,Male,15/08/1924,Chairman,Old
1513,Ryan Breslow,27,2,2000000000,Technology,E-commerce,Miami,United States,Bolt,TRUE,Male,20/05/1994,Cofounder,Young Adult
1513,Tim Cook,61,2,2000000000,Technology,Apple,Cupertino,United States,Apple,TRUE,Male,01/11/1960,CEO,Old
1513,Glenn Dubin,64,2,2000000000,Finance & Investments,Hedge Funds,New York,United States,Highbridge Capital Management,TRUE,Male,13/04/1957,Cofounder,Old
1513,Orion Hindawi,42,2,2000000000,Technology,Software,Seattle,United States,Tanium,TRUE,Male,10/01/1980,CEO,Middle Aged Adult
1513,Josh Kushner,36,2,2000000000,Finance & Investments,Venture Capital,New York City,United States,Thrive Capital,TRUE,Male,12/06/1985,Managing Partner,Young Adult
1513,Jennifer Pritzker,71,2,2000000000,Finance & Investments,Hotels,Chicago,United States,Tawani Enterprises,FALSE,Female,13/08/1950,CEO,Old
1513,Evan Williams,50,2,2000000000,Technology,Twitter,San Francisco,United States,Twitter,TRUE,Male,31/03/1972,Entrepreneur,Middle Aged Adult
1579,James Dinan,62,2,1900000000,Finance & Investments,Hedge Funds,North Salem,United States,York Capital Management,TRUE,Male,22/05/1959,Founder,Old
1579,Larry Robbins,52,2,1900000000,Finance & Investments,Hedge Funds,Alpine,United States,Glenview Capital Management,TRUE,Male,21/10/1969,Investor,Middle Aged Adult
1579,David Zalik,48,2,1900000000,Technology,Fintech,Atlanta,United States,GreenSky,TRUE,Male,02/02/1974,CEO,Middle Aged Adult
1645,Paul Foster,64,2,1800000000,Energy,Oil Refining,El Paso,United States,Western Refining,TRUE,Male,08/10/1957,Chairman,Old
1645,Christopher Goldsbury,79,2,1800000000,Food & Beverage,Salsa,San Antonio,United States,Silver Ventures,FALSE,Male,01/01/1943,CEO,Old
1645,Brian Higgins,57,2,1800000000,Finance & Investments,Hedge Funds,New York,United States,King Street Capital Management,TRUE,Male,08/02/1965,Investor,Middle Aged Adult
1645,David Hindawi,77,2,1800000000,Technology,Software,Seattle,United States,Tanium,TRUE,Male,08/12/1944,Chairman,Old
1645,Stanley Hubbard,88,2,1800000000,Media & Entertainment,DirecTV,St. Paul,United States,"Hubbard Broadcasting, Inc.",FALSE,Male,28/05/1933,Chairman and CEO,Old
1645,Stephen Jarislowsky,96,2,1800000000,Finance & Investments,Money Management,Montreal,Canada,Jarislowsky & Fraser,TRUE,Male,09/09/1925,Cofounder,Old
1645,Edward Lampert,59,2,1800000000,Finance & Investments,Sears,Miami Beach,United States,ESL Investments Inc.,TRUE,Male,19/07/1962,Founder,Middle Aged Adult
1645,Marc Lasry,61,2,1800000000,Finance & Investments,Hedge Funds,New York,United States,Avenue Capital Group,TRUE,Male,23/09/1960,Founder,Old
1645,Robert G. Miller,76,2,1800000000,Technology,Electronics Components,Montreal,Canada,Future Electronics,TRUE,Male,03/07/1945,President,Old
1645,David Paul,55,2,1800000000,Healthcare,Medical Devices,Audubon,United States,"Globus Medical, Inc.",TRUE,Male,25/12/1966,Founder,Middle Aged Adult
1645,Henry Swieca,64,2,1800000000,Finance & Investments,Hedge Funds,New York,United States,Talpion Fund Management,TRUE,Male,09/05/1957,Founder,Old
1645,Charlotte Colket Weber,79,2,1800000000,Food & Beverage,Campbell Soup,Hobe Sound,United States,Campbell Soup,FALSE,Female,19/11/1942,Director,Old
1645,Elaine Wynn,79,2,1800000000,Gambling & Casinos,Casinos,Las Vegas,United States,"Wynn Las Vegas, LLC",TRUE,Female,28/04/1942,Board Member,Old
1729,Marc Andreessen,50,2,1700000000,Finance & Investments,Venture Capital,Atherton,United States,Andreessen Horowitz,TRUE,Male,09/07/1971,Investor,Middle Aged Adult
1729,David Booth,76,2,1700000000,Finance & Investments,Mutual Funds,Austin,United States,Dimensional Fund Advisors,TRUE,Male,01/01/1946,Chairman and CEO,Old
1729,Nelson Peltz,79,2,1700000000,Finance & Investments,Investments,Bedford,United States,Trian Fund Management,TRUE,Male,01/06/1942,Founder,Old
1729,Edward Stack,67,2,1700000000,Fashion & Retail,Dick's Sporting Goods,Sewickley,United States,Dick's Sporting Goods,TRUE,Male,27/12/1954,Entrepreneur,Old
1818,Louis Bacon,65,2,1600000000,Finance & Investments,Hedge Funds,Oyster Bay,United States,"Moore Capital Management, LP",TRUE,Male,25/07/1956,Founder,Old
1818,Jamie Dimon,66,2,1600000000,Finance & Investments,Banking,New York,United States,JPMorgan Chase,TRUE,Male,13/03/1956,CEO,Old
1818,Bill Gross,77,2,1600000000,Finance & Investments,Investments,Laguna Beach,United States,Pacific Investment Management Company LLC,TRUE,Male,13/04/1944,Cofounder,Old
1818,Brian Roberts,62,2,1600000000,Media & Entertainment,Comcast,Philadelphia,United States,Comcast,FALSE,Male,28/06/1959,CEO,Old
1818,Austin Russell,27,2,1600000000,Automotive,Sensors,Orlando,United States,Luminar,TRUE,Male,14/03/1995,Founder,Young Adult
1818,Sheryl Sandberg,52,2,1600000000,Technology,Facebook,Menlo Park,United States,Meta Platforms,TRUE,Female,28/08/1969,COO,Middle Aged Adult
1818,Ryan Smith,43,2,1600000000,Technology,Cloud Computing,Provo,United States,Qualtrics,TRUE,Male,28/06/1978,Cofounder,Middle Aged Adult
1929,Safra Catz,60,2,1500000000,Technology,Software,Redwood City,United States,Oracle,TRUE,Female,13/12/1961,CEO,Middle Aged Adult
1929,Bharat Desai,69,2,1500000000,Technology,IT Consulting,Fisher Island,United States,Syntel Inc.,TRUE,Male,20/11/1952,Chairman,Old
1929,Henrique Dubugras,26,2,1500000000,Finance & Investments,Fintech,Los Angeles,Brazil,Brex,TRUE,Male,10/11/1995,Cofounder,Young Adult
1929,Henry Engelhardt,64,2,1500000000,Finance & Investments,Insurance,Cardiff,United States,Admiral Group,TRUE,Male,17/01/1958,CEO,Old
1929,Pedro Franceschi,25,2,1500000000,Finance & Investments,Fintech,Los Angeles,Brazil,Brex,TRUE,Male,19/07/1996,Cofounder,Young Adult
1929,Drew Houston,39,2,1500000000,Technology,Cloud Storage Service,Austin,United States,Dropbox,TRUE,Male,04/03/1983,CEO,Young Adult
1929,Peter Jackson,60,2,1500000000,Media & Entertainment,Movies,Wellington,New Zealand,Film,TRUE,Male,31/10/1961,Director,Middle Aged Adult
1929,Seth Klarman,64,2,1500000000,Finance & Investments,Investments,Chestnut Hill,United States,Baupost Group,TRUE,Male,01/05/1957,Investor,Old
1929,Zach Perret,34,2,1500000000,Finance & Investments,Fintech,San Francisco,United States,Plaid,TRUE,Male,17/09/1987,Cofounder,Young Adult
1929,Kevin Plank,49,2,1500000000,Fashion & Retail,Under Armour,Lutherville-Timonium,United States,Under Armour,TRUE,Male,13/08/1972,Chairman and CEO,Middle Aged Adult
1929,Christopher Rokos,51,2,1500000000,Finance & Investments,Hedge Funds,London,United Kingdom,Rokos Capital Management,TRUE,Male,21/09/1970,CEO,Middle Aged Adult
1929,Kevin Systrom,38,2,1500000000,Technology,Instagram,San Francisco,United States,Instagram,TRUE,Male,30/12/1983,Cofounder,Young Adult
2076,Tope Awotona,40,1,1400000000,Technology,Software,Atlanta,United States,Calendly,TRUE,Male,22/04/1981,Entrepreneur,Young Adult
2076,Stewart Butterfield,49,1,1400000000,Technology,Messaging Software,Aspen,Canada,Slack Technologies,TRUE,Male,21/03/1973,Cofounder,Middle Aged Adult
2076,Weili Dai,60,1,1400000000,Technology,Semiconductors,Las Vegas,United States,Marvell Technology Group,TRUE,Female,14/09/1961,Cofounder,Middle Aged Adult
2076,William Hockey,32,1,1400000000,Finance & Investments,Fintech,San Francisco,United States,Plaid,TRUE,Male,21/09/1989,Cofounder,Young Adult
2076,Mark Pincus,56,1,1400000000,Technology,Online Games,San Francisco,United States,Zynga,TRUE,Male,13/02/1966,Chairman,Middle Aged Adult
2076,Ben Silbermann,39,1,1400000000,Media & Entertainment,Social Media,San Francisco,United States,Pinterest,TRUE,Male,14/07/1982,Cofounder,Young Adult
2076,Swift Xie,42,1,1400000000,Technology,Drones,Shenzhen,China,DJI Technology Co.,TRUE,Male,01/01/1980,Entrepreneur,Middle Aged Adult
2190,Michael Krasny,68,1,1300000000,Technology,Retail,Highland Park,United States,Sawdust Investment Management Corp.,TRUE,Male,08/08/1953,Investor,Old
2190,Frederic Luddy,67,1,1300000000,Technology,Software,San Diego,United States,ServiceNow,TRUE,Male,24/11/1954,Entrepreneur,Old
2190,Thomas Sandell,61,1,1300000000,Finance & Investments,Hedge Funds,London,Sweden,Sandell Asset Management,TRUE,Male,01/02/1961,Founder,Old
2324,Robert Fisher,68,1,1200000000,Fashion & Retail,Gap,San Francisco,United States,Gap,FALSE,Male,01/08/1953,Chairman,Old
2324,William Fisher,65,1,1200000000,Fashion & Retail,Gap,San Francisco,United States,Gap,FALSE,Male,01/04/1957,Director,Old
2324,J. Christopher Flowers,64,1,1200000000,Finance & Investments,Investments,New York,United States,J.C. Flowers & Co. LLC,TRUE,Male,27/10/1957,Founder,Old
2324,Richard Hayne,74,1,1200000000,Fashion & Retail,Urban Outfitters,Philadelphia,United States,Urban Outfitters,TRUE,Male,01/09/1947,Chairman,Old
2324,Mohammed Ibrahim,75,1,1200000000,Telecom,Communications,London,United Kingdom,Mo Ibrahim Foundation,TRUE,Male,03/05/1946,Founder,Old
2324,Kristo Käärmann,41,1,1200000000,Finance & Investments,Banking,London,Estonia,Wise,TRUE,Male,01/09/1980,Cofounder,Middle Aged Adult
2324,Guy Laliberté,62,1,1200000000,Media & Entertainment,Cirque du Soleil,Montreal,Canada,Cirque du Soleil,TRUE,Male,01/01/1960,Cofounder,Old
2324,Michael Price,69,1,1200000000,Finance & Investments,Investments,Far Hills,United States,MFP Investors Inc.,FALSE,Male,03/07/1952,President,Old
2324,Leonard Schleifer,69,1,1200000000,Healthcare,Pharmaceuticals,Tarrytown,United States,Regeneron Pharmaceuticals,TRUE,Male,07/07/1952,CEO,Old
2324,Stanley Tang,29,1,1200000000,Technology,Food Delivery App,San Francisco,United States,DoorDash,TRUE,Male,27/10/1992,Cofounder,Young Adult
2448,Sara Blakely,51,1,1100000000,Fashion & Retail,Spanx,Atlanta,United States,Spanx,TRUE,Female,27/02/1971,Founder,Middle Aged Adult
2448,Lloyd Blankfein,67,1,1100000000,Finance & Investments,Banking,New York,United States,Goldman Sachs Group,TRUE,Male,20/09/1954,CEO,Old
2448,Andy Fang,29,1,1100000000,Technology,Food Delivery App,Monte Vista,United States,DoorDash,TRUE,Male,21/06/1992,Cofounder,Young Adult
2448,Eduardo Hochschild,58,1,1100000000,Metals & Mining,Mining,Lima,Peru,Hochschild Mining PLC,FALSE,Male,04/12/1963,Chairman,Middle Aged Adult
2448,Alexander Karp,54,1,1100000000,Technology,Software,Palo Alto,United States,Palantir Technologies,TRUE,Male,01/10/1967,Entrepreneur,Middle Aged Adult
2448,K. Rai Sahi,75,1,1100000000,Real Estate,Real Estate,Mississauga,Canada,Morguard Corporation,TRUE,Male,30/04/1946,Entrepreneur,Old
2578,Ronald Clarke,66,1,1000000000,Technology,Payments Technology,Duluth,United States,FleetCor Technologies,TRUE,Male,15/08/1955,CEO,Old
2578,Larry Fink,69,1,1000000000,Finance & Investments,Money Management,New York,United States,BlackRock,TRUE,Male,02/11/1952,Cofounder,Old
2578,Tyler Perry,52,1,1000000000,Media & Entertainment,Movies,Atlanta,United States,Television,TRUE,Male,14/09/1969,Director,Middle Aged Adult
2578,Oliver Samwer,48,1,1000000000,Technology,Tech Investments,Munich,Germany,Rocket Internet,TRUE,Male,09/08/1973,Entrepreneur,Middle Aged Adult
2578,Mike Speiser,51,1,1000000000,Technology,Software,San Francisco,United States,Sutter Hill Ventures,TRUE,Male,25/01/1971,Managing Director,Middle Aged Adult
